{
    "name": "root",
    "gauges": {
        "ArenaBird.Policy.Entropy.mean": {
            "value": 1.3205090761184692,
            "min": 1.3205090761184692,
            "max": 1.4126423597335815,
            "count": 10
        },
        "ArenaBird.Policy.Entropy.sum": {
            "value": 13205.0908203125,
            "min": 13174.6748046875,
            "max": 14171.6279296875,
            "count": 10
        },
        "ArenaBird.Environment.EpisodeLength.mean": {
            "value": 999.0,
            "min": 38.34117647058824,
            "max": 999.0,
            "count": 10
        },
        "ArenaBird.Environment.EpisodeLength.sum": {
            "value": 9990.0,
            "min": 9570.0,
            "max": 10160.0,
            "count": 10
        },
        "ArenaBird.Step.mean": {
            "value": 99962.0,
            "min": 9980.0,
            "max": 99962.0,
            "count": 10
        },
        "ArenaBird.Step.sum": {
            "value": 99962.0,
            "min": 9980.0,
            "max": 99962.0,
            "count": 10
        },
        "ArenaBird.Policy.ExtrinsicValueEstimate.mean": {
            "value": -0.00021643280342686921,
            "min": -0.8558374047279358,
            "max": -0.00021643280342686921,
            "count": 10
        },
        "ArenaBird.Policy.ExtrinsicValueEstimate.sum": {
            "value": -0.03462924808263779,
            "min": -247.33700561523438,
            "max": -0.03462924808263779,
            "count": 10
        },
        "ArenaBird.Environment.CumulativeReward.mean": {
            "value": 0.0,
            "min": -1.0,
            "max": 0.0,
            "count": 10
        },
        "ArenaBird.Environment.CumulativeReward.sum": {
            "value": 0.0,
            "min": -254.0,
            "max": 0.0,
            "count": 10
        },
        "ArenaBird.Policy.ExtrinsicReward.mean": {
            "value": 0.0,
            "min": -1.0,
            "max": 0.0,
            "count": 10
        },
        "ArenaBird.Policy.ExtrinsicReward.sum": {
            "value": 0.0,
            "min": -254.0,
            "max": 0.0,
            "count": 10
        },
        "ArenaBird.Losses.PolicyLoss.mean": {
            "value": 0.24331327366809896,
            "min": 0.23570240191573083,
            "max": 0.24710877044512394,
            "count": 10
        },
        "ArenaBird.Losses.PolicyLoss.sum": {
            "value": 19.465061893447917,
            "min": 18.558005262812266,
            "max": 19.967152878259242,
            "count": 10
        },
        "ArenaBird.Losses.ValueLoss.mean": {
            "value": 1.3249817112315457e-05,
            "min": 1.3249817112315457e-05,
            "max": 0.03250428189804483,
            "count": 10
        },
        "ArenaBird.Losses.ValueLoss.sum": {
            "value": 0.0010599853689852365,
            "min": 0.0010599853689852365,
            "max": 2.665351115639676,
            "count": 10
        },
        "ArenaBird.Policy.LearningRate.mean": {
            "value": 1.4931095022999999e-05,
            "min": 1.4931095022999999e-05,
            "max": 0.0002852350658972561,
            "count": 10
        },
        "ArenaBird.Policy.LearningRate.sum": {
            "value": 0.0011944876018399999,
            "min": 0.0011944876018399999,
            "max": 0.023389275403574997,
            "count": 10
        },
        "ArenaBird.Policy.Epsilon.mean": {
            "value": 0.10497699999999999,
            "min": 0.10497699999999999,
            "max": 0.1950783536585366,
            "count": 10
        },
        "ArenaBird.Policy.Epsilon.sum": {
            "value": 8.398159999999999,
            "min": 8.398159999999999,
            "max": 15.996425,
            "count": 10
        },
        "ArenaBird.Policy.Beta.mean": {
            "value": 0.0005000000000000001,
            "min": 0.0005000000000000001,
            "max": 0.0005000000000000001,
            "count": 10
        },
        "ArenaBird.Policy.Beta.sum": {
            "value": 0.04000000000000001,
            "min": 0.038500000000000006,
            "max": 0.04100000000000001,
            "count": 10
        },
        "ArenaBird.IsTraining.mean": {
            "value": 1.0,
            "min": 1.0,
            "max": 1.0,
            "count": 10
        },
        "ArenaBird.IsTraining.sum": {
            "value": 1.0,
            "min": 1.0,
            "max": 1.0,
            "count": 10
        }
    },
    "metadata": {
        "timer_format_version": "0.1.0",
        "start_time_seconds": "1712022066",
        "python_version": "3.10.12 | packaged by Anaconda, Inc. | (main, Jul  5 2023, 19:01:18) [MSC v.1916 64 bit (AMD64)]",
        "command_line_arguments": "C:\\Users\\Owner\\anaconda3\\envs\\mlagents\\Scripts\\mlagents-learn ArenaBird_Config.yaml --run-id AB04",
        "mlagents_version": "1.1.0.dev0",
        "mlagents_envs_version": "1.1.0.dev0",
        "communication_protocol_version": "1.5.0",
        "pytorch_version": "2.2.2+cu121",
        "numpy_version": "1.23.5",
        "end_time_seconds": "1712022928"
    },
    "total": 861.8218645999987,
    "count": 1,
    "self": 0.007800899998983368,
    "children": {
        "run_training.setup": {
            "total": 0.11104160000104457,
            "count": 1,
            "self": 0.11104160000104457
        },
        "TrainerController.start_learning": {
            "total": 861.7030220999986,
            "count": 1,
            "self": 1.6005762001332187,
            "children": {
                "TrainerController._reset_env": {
                    "total": 8.324758499999007,
                    "count": 1,
                    "self": 8.324758499999007
                },
                "TrainerController.advance": {
                    "total": 851.7003041998651,
                    "count": 100493,
                    "self": 1.4677018002912519,
                    "children": {
                        "env_step": {
                            "total": 604.6475152001003,
                            "count": 100493,
                            "self": 434.9377936006131,
                            "children": {
                                "SubprocessEnvManager._take_step": {
                                    "total": 168.69376899909184,
                                    "count": 100493,
                                    "self": 4.61847989911621,
                                    "children": {
                                        "TorchPolicy.evaluate": {
                                            "total": 164.07528909997563,
                                            "count": 100026,
                                            "self": 164.07528909997563
                                        }
                                    }
                                },
                                "workers": {
                                    "total": 1.0159526003953943,
                                    "count": 100493,
                                    "self": 0.0,
                                    "children": {
                                        "worker_root": {
                                            "total": 852.6839891992204,
                                            "count": 100493,
                                            "is_parallel": true,
                                            "self": 497.69648329921256,
                                            "children": {
                                                "steps_from_proto": {
                                                    "total": 0.000343700001394609,
                                                    "count": 1,
                                                    "is_parallel": true,
                                                    "self": 0.0001109000040742103,