{"count":1,"self":294.29424639999996,"total":1116.4584765,"children":{"InitializeActuators":{"count":1,"self":0.0025180999999999997,"total":0.0025180999999999997,"children":null},"InitializeSensors":{"count":1,"self":0.0025231,"total":0.0025231,"children":null},"AgentSendState":{"count":500251,"self":8.0519296,"total":14.0452666,"children":{"CollectObservations":{"count":100051,"self":0.49987709999999996,"total":0.49987709999999996,"children":null},"WriteActionMask":{"count":100051,"self":0.18878119999999998,"total":0.18878119999999998,"children":null},"RequestDecision":{"count":100051,"self":0.9229598,"total":5.3046783999999993,"children":{"AgentInfo.ToProto":{"count":100051,"self":0.9211969,"total":4.3817186,"children":{"GenerateSensorData":{"count":100051,"self":2.7573551999999997,"total":3.4605216999999997,"children":{"RayPerceptionSensor.Perceive":{"count":300153,"self":0.70316649999999992,"total":0.70316649999999992,"children":null}}}}}}}}},"DecideAction":{"count":500251,"self":802.2671872,"total":802.2671944,"children":null},"AgentAct":{"count":500251,"self":5.7652128,"total":5.7675013999999996,"children":{"AgentInfo.ToProto":{"count":20,"self":0,"total":0.0022887,"children":{"GenerateSensorData":{"count":20,"self":0.0012822,"total":0.0022887,"children":{"RayPerceptionSensor.Perceive":{"count":60,"self":0.0010065,"total":0.0010065,"children":null}}}}}}},"AgentInfo.ToProto":{"count":1476,"self":0.014808,"total":0.0792322,"children":{"GenerateSensorData":{"count":1476,"self":0.055186799999999994,"total":0.0644242,"children":{"RayPerceptionSensor.Perceive":{"count":4428,"self":0.0092374,"total":0.0092374,"children":null}}}}}},"gauges":{"ArenaBird.CumulativeReward":{"count":1496,"max":3,"min":0,"runningAverage":0.239973187,"value":0,"weightedAverage":0.109169915}},"metadata":{"timer_format_version":"0.1.0","start_time_seconds":"1712259759","unity_version":"2023.1.13f1","command_line_arguments":"C:\\Program Files\\Unity\\Hub\\Editor\\2023.1.13f1\\Editor\\Unity.exe -projectpath C:\\WorkspaceUnity\\CustomML -useHub -hubIPC -cloudEnvironment production","communication_protocol_version":"1.5.0","com.unity.ml-agents_version":"3.0.0-exp.1","scene_name":"BaseScene","end_time_seconds":"1712260875"}}