{"count":1,"self":659.02730239999994,"total":1828.0173705999998,"children":{"InitializeActuators":{"count":1,"self":0.0020195,"total":0.0020195,"children":null},"InitializeSensors":{"count":1,"self":0.0010027,"total":0.0010027,"children":null},"AgentSendState":{"count":1592851,"self":10.754539999999999,"total":21.4167903,"children":{"CollectObservations":{"count":159286,"self":1.0970537,"total":1.0970537,"children":null},"WriteActionMask":{"count":159286,"self":0.40334539999999997,"total":0.40334539999999997,"children":null},"RequestDecision":{"count":159286,"self":2.4252208,"total":9.161851,"children":{"AgentInfo.ToProto":{"count":159286,"self":2.5516896,"total":6.7366300999999993,"children":{"GenerateSensorData":{"count":159286,"self":4.1849403999999994,"total":4.1849403999999994,"children":null}}}}}}},"DecideAction":{"count":1592851,"self":1130.465792,"total":1130.4657796,"children":null},"AgentAct":{"count":1592851,"self":16.2307056,"total":17.1029594,"children":{"AgentInfo.ToProto":{"count":19419,"self":0.3397213,"total":0.8722533,"children":{"GenerateSensorData":{"count":19419,"self":0.532532,"total":0.532532,"children":null}}}}}},"gauges":{"RollerBall.CumulativeReward":{"count":19419,"max":2,"min":0,"runningAverage":1.03354764,"value":0,"weightedAverage":0.766419232}},"metadata":{"timer_format_version":"0.1.0","start_time_seconds":"1711072624","unity_version":"2023.1.13f1","command_line_arguments":"C:\\Unity\\2023.1.13f1\\Editor\\Unity.exe -projectpath C:\\WorkspaceUnity\\CustomML -useHub -hubIPC -cloudEnvironment production","communication_protocol_version":"1.5.0","com.unity.ml-agents_version":"3.0.0-exp.1","scene_name":"BaseScene","end_time_seconds":"1711074452"}}