{
    "name": "root",
    "gauges": {
        "ArenaBird.Policy.Entropy.mean": {
            "value": 1.4051276445388794,
            "min": 1.4051276445388794,
            "max": 1.4173591136932373,
            "count": 2
        },
        "ArenaBird.Policy.Entropy.sum": {
            "value": 14076.568359375,
            "min": 14076.568359375,
            "max": 14204.7734375,
            "count": 2
        },
        "ArenaBird.Environment.EpisodeLength.mean": {
            "value": 329.3181818181818,
            "min": 84.24528301886792,
            "max": 329.3181818181818,
            "count": 2
        },
        "ArenaBird.Environment.EpisodeLength.sum": {
            "value": 14490.0,
            "min": 4465.0,
            "max": 14490.0,
            "count": 2
        },
        "ArenaBird.Step.mean": {
            "value": 19948.0,
            "min": 9958.0,
            "max": 19948.0,
            "count": 2
        },
        "ArenaBird.Step.sum": {
            "value": 19948.0,
            "min": 9958.0,
            "max": 19948.0,
            "count": 2
        },
        "ArenaBird.Policy.ExtrinsicValueEstimate.mean": {
            "value": 0.09097989648580551,
            "min": -0.2616175413131714,
            "max": 0.09097989648580551,
            "count": 2
        },
        "ArenaBird.Policy.ExtrinsicValueEstimate.sum": {
            "value": 17.4681396484375,
            "min": -47.61439514160156,
            "max": 17.4681396484375,
            "count": 2
        },
        "ArenaBird.Environment.CumulativeReward.mean": {
            "value": -0.13636363636363635,
            "min": -1.0,
            "max": -0.13636363636363635,
            "count": 2
        },
        "ArenaBird.Environment.CumulativeReward.sum": {
            "value": -6.0,
            "min": -53.0,
            "max": -6.0,
            "count": 2
        },
        "ArenaBird.Policy.ExtrinsicReward.mean": {
            "value": -0.13636363636363635,
            "min": -1.0,
            "max": -0.13636363636363635,
            "count": 2
        },
        "ArenaBird.Policy.ExtrinsicReward.sum": {
            "value": -6.0,
            "min": -53.0,
            "max": -6.0,
            "count": 2
        },
        "ArenaBird.Losses.PolicyLoss.mean": {
            "value": 0.2432528267298777,
            "min": 0.24176623913568734,
            "max": 0.2432528267298777,
            "count": 2
        },
        "ArenaBird.Losses.PolicyLoss.sum": {
            "value": 18.487214831470705,
            "min": 18.487214831470705,
            "max": 18.857766652583614,
            "count": 2
        },
        "ArenaBird.Losses.ValueLoss.mean": {
            "value": 0.01917375820525882,
            "min": 0.01917375820525882,
            "max": 0.02467173047535461,
            "count": 2
        },
        "ArenaBird.Losses.ValueLoss.sum": {
            "value": 1.4572056235996702,
            "min": 1.4572056235996702,
            "max": 1.9243949770776594,
            "count": 2
        },
        "ArenaBird.Policy.LearningRate.mean": {
            "value": 0.0002552570675458947,
            "min": 0.0002552570675458947,
            "max": 0.00028511508188471793,
            "count": 2
        },
        "ArenaBird.Policy.LearningRate.sum": {
            "value": 0.019399537133488,
            "min": 0.019399537133488,
            "max": 0.022238976387008,
            "count": 2
        },
        "ArenaBird.Policy.Epsilon.mean": {
            "value": 0.18508568421052632,
            "min": 0.18508568421052632,
            "max": 0.195038358974359,
            "count": 2
        },
        "ArenaBird.Policy.Epsilon.sum": {
            "value": 14.066512000000001,
            "min": 14.066512000000001,
            "max": 15.212992000000002,
            "count": 2
        },
        "ArenaBird.Policy.Beta.mean": {
            "value": 0.0005000000000000001,
            "min": 0.0005000000000000001,
            "max": 0.0005000000000000001,
            "count": 2
        },
        "ArenaBird.Policy.Beta.sum": {
            "value": 0.038000000000000006,
            "min": 0.038000000000000006,
            "max": 0.03900000000000001,
            "count": 2
        },
        "ArenaBird.IsTraining.mean": {
            "value": 1.0,
            "min": 1.0,
            "max": 1.0,
            "count": 2
        },
        "ArenaBird.IsTraining.sum": {
            "value": 1.0,
            "min": 1.0,
            "max": 1.0,
            "count": 2
        }
    },
    "metadata": {
        "timer_format_version": "0.1.0",
        "start_time_seconds": "1712005440",
        "python_version": "3.10.12 | packaged by Anaconda, Inc. | (main, Jul  5 2023, 19:01:18) [MSC v.1916 64 bit (AMD64)]",
        "command_line_arguments": "C:\\Users\\Owner\\anaconda3\\envs\\mlagents\\Scripts\\mlagents-learn ArenaBird_Config.yaml --run-id AB01",
        "mlagents_version": "1.1.0.dev0",
        "mlagents_envs_version": "1.1.0.dev0",
        "communication_protocol_version": "1.5.0",
        "pytorch_version": "2.2.2+cu121",
        "numpy_version": "1.23.5",
        "end_time_seconds": "1712005786"
    },
    "total": 345.4339321999996,
    "count": 1,
    "self": 0.007022199999482837,
    "children": {
        "run_training.setup": {
            "total": 0.11011349999898812,
            "count": 1,
            "self": 0.11011349999898812
        },
        "TrainerController.start_learning": {
            "total": 345.31679650000115,
            "count": 1,
            "self": 0.4562207001272327,
            "children": {
                "TrainerController._reset_env": {
                    "total": 10.064524000001256,
                    "count": 1,
                    "self": 10.064524000001256
                },
                "TrainerController.advance": {
                    "total": 334.62719619987183,
                    "count": 26958,
                    "self": 0.42363670006307075,
                    "children": {
                        "env_step": {
                            "total": 264.81038839994653,
                            "count": 26958,
                            "self": 217.37392099990575,
                            "children": {
                                "SubprocessEnvManager._take_step": {
                                    "total": 47.12724500011973,
                                    "count": 26959,
                                    "self": 1.4972705001891882,
                                    "children": {
                                        "TorchPolicy.evaluate": {
                                            "total": 45.62997449993054,
                                            "count": 26854,
                                            "self": 45.62997449993054
                                        }
                                    }
                                },
                                "workers": {
                                    "total": 0.3092223999210546,
                                    "count": 26957,
                                    "self": 0.0,
                                    "children": {
                                        "worker_root": {
                                            "total": 258.1922239999876,
                                            "count": 26957,
                                            "is_parallel": true,
                                            "self": 142.404217899988,
                                            "children": {
                                                "steps_from_proto": {
                                                    "total": 0.000613200001680525,
                                                    "count": 2,
                                                    "is_parallel": true,
                                                    "self": 0.00022540000281878747,