{
    "name": "root",
    "gauges": {
        "ArenaBird.Policy.Entropy.mean": {
            "value": 1.410011887550354,
            "min": 1.410011887550354,
            "max": 1.4272443056106567,
            "count": 3
        },
        "ArenaBird.Policy.Entropy.sum": {
            "value": 14100.119140625,
            "min": 14100.119140625,
            "max": 14275.2978515625,
            "count": 3
        },
        "ArenaBird.Environment.EpisodeLength.mean": {
            "value": 19.0,
            "min": 19.0,
            "max": 19.004,
            "count": 3
        },
        "ArenaBird.Environment.EpisodeLength.sum": {
            "value": 9500.0,
            "min": 9500.0,
            "max": 9502.0,
            "count": 3
        },
        "ArenaBird.Step.mean": {
            "value": 29982.0,
            "min": 9982.0,
            "max": 29982.0,
            "count": 3
        },
        "ArenaBird.Step.sum": {
            "value": 29982.0,
            "min": 9982.0,
            "max": 29982.0,
            "count": 3
        },
        "ArenaBird.Policy.ExtrinsicValueEstimate.mean": {
            "value": -0.9248747229576111,
            "min": -1.1494431495666504,
            "max": -0.8947980999946594,
            "count": 3
        },
        "ArenaBird.Policy.ExtrinsicValueEstimate.sum": {
            "value": -462.4373474121094,
            "min": -573.5721435546875,
            "max": -447.3990478515625,
            "count": 3
        },
        "ArenaBird.Environment.CumulativeReward.mean": {
            "value": -1.0,
            "min": -1.0,
            "max": -1.0,
            "count": 3
        },
        "ArenaBird.Environment.CumulativeReward.sum": {
            "value": -500.0,
            "min": -500.0,
            "max": -499.0,
            "count": 3
        },
        "ArenaBird.Policy.ExtrinsicReward.mean": {
            "value": -1.0,
            "min": -1.0,
            "max": -1.0,
            "count": 3
        },
        "ArenaBird.Policy.ExtrinsicReward.sum": {
            "value": -500.0,
            "min": -500.0,
            "max": -499.0,
            "count": 3
        },
        "ArenaBird.Losses.PolicyLoss.mean": {
            "value": 0.24417018864003406,
            "min": 0.24309980069009465,
            "max": 0.2445449434617628,
            "count": 3
        },
        "ArenaBird.Losses.PolicyLoss.sum": {
            "value": 20.51029584576286,
            "min": 20.177283457277856,
            "max": 20.51029584576286,
            "count": 3
        },
        "ArenaBird.Losses.ValueLoss.mean": {
            "value": 0.012710536937312873,
            "min": 0.010537761366318578,
            "max": 0.4711706293947496,
            "count": 3
        },
        "ArenaBird.Losses.ValueLoss.sum": {
            "value": 1.0676851027342813,
            "min": 0.8746341934044419,
            "max": 39.107162239764214,
            "count": 3
        },
        "ArenaBird.Policy.LearningRate.mean": {
            "value": 0.00022499402500200004,
            "min": 0.00022499402500200004,
            "max": 0.000284911233945253,
            "count": 3
        },
        "ArenaBird.Policy.LearningRate.sum": {
            "value": 0.018899498100168003,
            "min": 0.018899498100168003,
            "max": 0.023647632417456,
            "count": 3
        },
        "ArenaBird.Policy.Epsilon.mean": {
            "value": 0.17499800000000001,
            "min": 0.17499800000000001,
            "max": 0.19497040963855422,
            "count": 3
        },
        "ArenaBird.Policy.Epsilon.sum": {
            "value": 14.699832,
            "min": 14.699832,
            "max": 16.182544,
            "count": 3
        },
        "ArenaBird.Policy.Beta.mean": {
            "value": 0.0005000000000000001,
            "min": 0.0005000000000000001,
            "max": 0.0005000000000000001,
            "count": 3
        },
        "ArenaBird.Policy.Beta.sum": {
            "value": 0.04200000000000001,
            "min": 0.04150000000000001,
            "max": 0.04200000000000001,
            "count": 3
        },
        "ArenaBird.IsTraining.mean": {
            "value": 1.0,
            "min": 1.0,
            "max": 1.0,
            "count": 3
        },
        "ArenaBird.IsTraining.sum": {
            "value": 1.0,
            "min": 1.0,
            "max": 1.0,
            "count": 3
        }
    },
    "metadata": {
        "timer_format_version": "0.1.0",
        "start_time_seconds": "1712007835",
        "python_version": "3.10.12 | packaged by Anaconda, Inc. | (main, Jul  5 2023, 19:01:18) [MSC v.1916 64 bit (AMD64)]",
        "command_line_arguments": "C:\\Users\\Owner\\anaconda3\\envs\\mlagents\\Scripts\\mlagents-learn ArenaBird_Config.yaml --run-id AB01",
        "mlagents_version": "1.1.0.dev0",
        "mlagents_envs_version": "1.1.0.dev0",
        "communication_protocol_version": "1.5.0",
        "pytorch_version": "2.2.2+cu121",
        "numpy_version": "1.23.5",
        "end_time_seconds": "1712008215"
    },
    "total": 380.4944832000001,
    "count": 1,
    "self": 0.006470699998317286,
    "children": {
        "run_training.setup": {
            "total": 0.11149010000008275,
            "count": 1,
            "self": 0.11149010000008275
        },
        "TrainerController.start_learning": {
            "total": 380.3765224000017,
            "count": 1,
            "self": 0.5561165002000052,
            "children": {
                "TrainerController._reset_env": {
                    "total": 8.39264859999821,
                    "count": 1,
                    "self": 8.39264859999821
                },
                "TrainerController.advance": {
                    "total": 371.34269209980266,
                    "count": 34752,
                    "self": 0.5143061993148876,
                    "children": {
                        "env_step": {
                            "total": 286.6443929999259,
                            "count": 34752,
                            "self": 233.91415200049596,
                            "children": {
                                "SubprocessEnvManager._take_step": {
                                    "total": 52.37272639957882,
                                    "count": 34752,
                                    "self": 1.5962350996487658,
                                    "children": {
                                        "TorchPolicy.evaluate": {
                                            "total": 50.77649129993006,
                                            "count": 33104,
                                            "self": 50.77649129993006
                                        }
                                    }
                                },
                                "workers": {
                                    "total": 0.3575145998511289,
                                    "count": 34751,
                                    "self": 0.0,
                                    "children": {
                                        "worker_root": {
                                            "total": 309.11541839987694,
                                            "count": 34751,
                                            "is_parallel": true,
                                            "self": 165.55416689996127,
                                            "children": {
                                                "steps_from_proto": {
                                                    "total": 0.00021050000214017928,
                                                    "count": 1,
                                                    "is_parallel": true,
                                                    "self": 8.310000339406542e-05,