{
    "name": "root",
    "gauges": {
        "ArenaBird.Policy.Entropy.mean": {
            "value": 1.3648974895477295,
            "min": 1.3648974895477295,
            "max": 1.4169377088546753,
            "count": 5
        },
        "ArenaBird.Policy.Entropy.sum": {
            "value": 13648.974609375,
            "min": 13648.974609375,
            "max": 14199.1328125,
            "count": 5
        },
        "ArenaBird.Environment.EpisodeLength.mean": {
            "value": 999.0,
            "min": 41.45652173913044,
            "max": 999.0,
            "count": 5
        },
        "ArenaBird.Environment.EpisodeLength.sum": {
            "value": 9990.0,
            "min": 9465.0,
            "max": 10019.0,
            "count": 5
        },
        "ArenaBird.Step.mean": {
            "value": 49977.0,
            "min": 9957.0,
            "max": 49977.0,
            "count": 5
        },
        "ArenaBird.Step.sum": {
            "value": 49977.0,
            "min": 9957.0,
            "max": 49977.0,
            "count": 5
        },
        "ArenaBird.Policy.ExtrinsicValueEstimate.mean": {
            "value": 0.02814463898539543,
            "min": -0.5441752076148987,
            "max": 0.02814463898539543,
            "count": 5
        },
        "ArenaBird.Policy.ExtrinsicValueEstimate.sum": {
            "value": 4.503142356872559,
            "min": -128.9695281982422,
            "max": 4.503142356872559,
            "count": 5
        },
        "ArenaBird.Environment.CumulativeReward.mean": {
            "value": 0.0,
            "min": -0.6304347826086957,
            "max": 0.2,
            "count": 5
        },
        "ArenaBird.Environment.CumulativeReward.sum": {
            "value": 0.0,
            "min": -145.0,
            "max": 2.0,
            "count": 5
        },
        "ArenaBird.Policy.ExtrinsicReward.mean": {
            "value": 0.0,
            "min": -0.6304347826086957,
            "max": 0.2,
            "count": 5
        },
        "ArenaBird.Policy.ExtrinsicReward.sum": {
            "value": 0.0,
            "min": -145.0,
            "max": 2.0,
            "count": 5
        },
        "ArenaBird.Losses.PolicyLoss.mean": {
            "value": 0.24727673326540148,
            "min": 0.24187997518348814,
            "max": 0.2487686905973,
            "count": 5
        },
        "ArenaBird.Losses.PolicyLoss.sum": {
            "value": 19.782138661232118,
            "min": 19.12789786078682,
            "max": 20.39193017342055,
            "count": 5
        },
        "ArenaBird.Losses.ValueLoss.mean": {
            "value": 0.002522806380119344,
            "min": 0.002522806380119344,
            "max": 0.2572938351759603,
            "count": 5
        },
        "ArenaBird.Losses.ValueLoss.sum": {
            "value": 0.2018245104095475,
            "min": 0.2018245104095475,
            "max": 21.098094484428742,
            "count": 5
        },
        "ArenaBird.Policy.LearningRate.mean": {
            "value": 0.00016509604496800002,
            "min": 0.00016509604496800002,
            "max": 0.0002849307123401707,
            "count": 5
        },
        "ArenaBird.Policy.LearningRate.sum": {
            "value": 0.013207683597440002,
            "min": 0.013207683597440002,
            "max": 0.023364318411894,
            "count": 5
        },
        "ArenaBird.Policy.Epsilon.mean": {
            "value": 0.155032,
            "min": 0.155032,
            "max": 0.19497690243902438,
            "count": 5
        },
        "ArenaBird.Policy.Epsilon.sum": {
            "value": 12.402560000000001,
            "min": 12.402560000000001,
            "max": 15.988106,
            "count": 5
        },
        "ArenaBird.Policy.Beta.mean": {
            "value": 0.0005000000000000001,
            "min": 0.0005000000000000001,
            "max": 0.0005000000000000001,
            "count": 5
        },
        "ArenaBird.Policy.Beta.sum": {
            "value": 0.04000000000000001,
            "min": 0.03900000000000001,
            "max": 0.04100000000000001,
            "count": 5
        },
        "ArenaBird.IsTraining.mean": {
            "value": 1.0,
            "min": 1.0,
            "max": 1.0,
            "count": 5
        },
        "ArenaBird.IsTraining.sum": {
            "value": 1.0,
            "min": 1.0,
            "max": 1.0,
            "count": 5
        }
    },
    "metadata": {
        "timer_format_version": "0.1.0",
        "start_time_seconds": "1712013047",
        "python_version": "3.10.12 | packaged by Anaconda, Inc. | (main, Jul  5 2023, 19:01:18) [MSC v.1916 64 bit (AMD64)]",
        "command_line_arguments": "C:\\Users\\Owner\\anaconda3\\envs\\mlagents\\Scripts\\mlagents-learn ArenaBird_Config.yaml --run-id AB03",
        "mlagents_version": "1.1.0.dev0",
        "mlagents_envs_version": "1.1.0.dev0",
        "communication_protocol_version": "1.5.0",
        "pytorch_version": "2.2.2+cu121",
        "numpy_version": "1.23.5",
        "end_time_seconds": "1712013587"
    },
    "total": 540.0649389999999,
    "count": 1,
    "self": 0.007229999999253778,
    "children": {
        "run_training.setup": {
            "total": 0.12492479999855277,
            "count": 1,
            "self": 0.12492479999855277
        },
        "TrainerController.start_learning": {
            "total": 539.9327842000021,
            "count": 1,
            "self": 0.9632632996981556,
            "children": {
                "TrainerController._reset_env": {
                    "total": 9.009246400000848,
                    "count": 1,
                    "self": 9.009246400000848
                },
                "TrainerController.advance": {
                    "total": 529.8705414003016,
                    "count": 57754,
                    "self": 0.9109655996653601,
                    "children": {
                        "env_step": {
                            "total": 387.9350327003958,
                            "count": 57754,
                            "self": 295.1880784003224,
                            "children": {
                                "SubprocessEnvManager._take_step": {
                                    "total": 92.14097000029142,
                                    "count": 57754,
                                    "self": 3.0427344003001053,
                                    "children": {
                                        "TorchPolicy.evaluate": {
                                            "total": 89.09823559999131,
                                            "count": 57351,
                                            "self": 89.09823559999131
                                        }
                                    }
                                },
                                "workers": {
                                    "total": 0.6059842997819942,
                                    "count": 57753,
                                    "self": 0.0,
                                    "children": {
                                        "worker_root": {
                                            "total": 523.2453973002121,
                                            "count": 57753,
                                            "is_parallel": true,
                                            "self": 283.69960899994476,
                                            "children": {
                                                "steps_from_proto": {
                                                    "total": 0.00020569999833242036,
                                                    "count": 1,
                                                    "is_parallel": true,
                                                    "self": 7.999999797903001e-05,